{ 
    
    "victorR": [
        
        {
            "density": 2, "friction": 0, "bounce": 0, 
            "filter": { "categoryBits": 1, "maskBits": 65535 },
            "shape": [   7, 73  ,  9, 47  ,  108, 72  ,  102.00102233886719, 90.99972915649414  ,  80, 108  ,  28, 107  ]
        } ,
        {
            "density": 2, "friction": 0, "bounce": 0, 
            "filter": { "categoryBits": 1, "maskBits": 65535 },
            "shape": [   52, 3  ,  86, 12  ,  105, 32  ,  108, 72  ,  9, 47  ,  9.000089645385742, 28.999107360839844  ,  20, 11  ]
        }
    ]
    , 
    "AlexR": [
        
        {
            "density": 2, "friction": 0, "bounce": 0, 
            "filter": { "categoryBits": 1, "maskBits": 65535 },
            "shape": [   7, 73  ,  10, 45  ,  108, 72  ,  102.00102233886719, 90.99972915649414  ,  80, 108  ,  28, 107  ]
        } ,
        {
            "density": 2, "friction": 0, "bounce": 0, 
            "filter": { "categoryBits": 1, "maskBits": 65535 },
            "shape": [   102, 39  ,  108, 72  ,  10, 45  ,  11.000109672546387, 25.99907684326172  ,  20, 12  ,  50, 8  ,  86.00086212158203, 15.998977661132812  ]
        }
    ]
    , 
    "EricR": [
        
        {
            "density": 2, "friction": 0, "bounce": 0, 
            "filter": { "categoryBits": 1, "maskBits": 65535 },
            "shape": [   7, 75  ,  10, 47  ,  84, 20  ,  103, 37  ,  111, 73  ,  102.00102233886719, 90.99972915649414  ,  79, 109  ,  32, 109  ]
        } ,
        {
            "density": 2, "friction": 0, "bounce": 0, 
            "filter": { "categoryBits": 1, "maskBits": 65535 },
            "shape": [   36.00035858154297, 12.998947143554688  ,  84, 20  ,  10, 47  ,  9.000089645385742, 30.999130249023438  ,  18, 16  ]
        } ,
        {
            "density": 2, "friction": 0, "bounce": 0, 
            "filter": { "categoryBits": 1, "maskBits": 65535 },
            "shape": [   84, 20  ,  36.00035858154297, 12.998947143554688  ,  52.000518798828125, 4.998870849609375  ]
        }
    ]
    , 
    "JordiR": [
        
        {
            "density": 2, "friction": 0, "bounce": 0, 
            "filter": { "categoryBits": 1, "maskBits": 65535 },
            "shape": [   7, 73  ,  10, 42  ,  86.00086212158203, 15.998977661132812  ,  105, 32  ,  113, 78  ,  102.00102233886719, 90.99972915649414  ,  80, 108  ,  28, 107  ]
        } ,
        {
            "density": 2, "friction": 0, "bounce": 0, 
            "filter": { "categoryBits": 1, "maskBits": 65535 },
            "shape": [   23, 12  ,  52.000518798828125, 4.998870849609375  ,  86.00086212158203, 15.998977661132812  ,  10, 42  ,  11.000109672546387, 23.999061584472656  ]
        }
    ]
}
